Merchant Name,Merchant ID,Store Name,Store ID,Updated On,Created On,Type,Category,Subcategory,Status,Transaction ID,Linked Transaction ID,Partner transaction ID 1,Partner transaction ID 2,Long Order ID,Short Order ID,Booking ID,Order Channel,Order Type,Payment Method,Receiving account / Source of fund,Terminal ID,Channel,Offer Type,Grab Fee (%),Points Multiplier,Points Issued,Settlement ID,Transfer Date,Amount,Tax on Order Value,Restaurant Packaging Charge,Non-Member Fee,Restaurant Service Charge,Offer,Discount (Merchant-Funded),Delivery Fee Discount (Merchant-Funded),Delivery Charge (Grab Online Store),Delivery Charge (Merchant Delivery),GrabExpress Delivery Service Fee,Net Sales,Net MDR,Tax on MDR,Grab Fee,Marketing success fee,Delivery Commission,Channel Commission,Order commission,Step-up commission,GrabKitchen Commission,GrabKitchen Other Commission,Withholding Tax,Total,Tax on MDR (%),Delivery Commission (%),Channel Commission (%),Order Commission (%),"Tax on GrabFood/GrabMart commission, adjustments, ads",Tax on Total GrabKitchen Commission,Cancellation Reason,Cancelled by,Reason for Refund,Description,Incident group,Incident alias,Customer refund Item,Appeal link,Appeal status
Suka Shawarma - ABDUL KADIR,717f3bb7-c5c8-4bdf-8569-efbada64e02d,Suka Shawarma - Kota Wisata Cibubur,8d1ba9d5-c0ef-4f05-a3aa-8e9c2b3d853a,28 Jul 2026 8:56 PM,28 Jul 2026 8:07 PM,GrabFood,Payment ,,Transferred,35034661338,,,,00135675082-C8CVJTDXLP2TFA,GF-403,A-9LXUCAQGWJ86AV,GrabFood app & web,Auto-Paid,Cashless,,,,,,,,SIDP0LQEEYWI,29 Jul 2026 3:13 AM,39000,0,0,,0,,0,0,,0,0,39000,,,,0,,,-7800,0,0,0,0,31200,,,,,-772.97,0,,,,,,,,,
Suka Shawarma - ABDUL KADIR,717f3bb7-c5c8-4bdf-8569-efbada64e02d,Suka Shawarma - Kota Wisata Cibubur,8d1ba9d5-c0ef-4f05-a3aa-8e9c2b3d853a,28 Jul 2026 8:08 PM,28 Jul 2026 7:39 PM,GrabFood,Payment ,,Transferred,35033818559,,,,001577617880-C8CVJJ33LAABEE,GF-969,A-9LXRNK6GXXT6AV,GrabFood app & web,Auto-Paid,Cashless,,,,,,,,SIDP0LQEEYWI,29 Jul 2026 3:13 AM,78000,0,0,,0,,0,0,,0,0,78000,,,,0,,,-15600,0,0,0,0,62400,,,,,-1545.95,0,,,,,,,,,
Suka Shawarma - ABDUL KADIR,717f3bb7-c5c8-4bdf-8569-efbada64e02d,Suka Shawarma - Kota Wisata Cibubur,8d1ba9d5-c0ef-4f05-a3aa-8e9c2b3d853a,28 Jul 2026 7:52 PM,28 Jul 2026 7:27 PM,GrabFood,Payment ,,Transferred,35033498043,,,,00131716993-C8CVJFUGPFWXEA,GF-273,A-9LXQLBEGW5NBAV,GrabFood app & web,Auto-Paid,Cashless,,,,,,,,SIDP0LQEEYWI,29 Jul 2026 3:13 AM,137000,0,0,,0,,0,0,,0,0,137000,,,,0,,,-27400,0,0,0,0,109600,,,,,-2715.32,0,,,,,,,,,
Suka Shawarma - ABDUL KADIR,717f3bb7-c5c8-4bdf-8569-efbada64e02d,Suka Shawarma - Kota Wisata Cibubur,8d1ba9d5-c0ef-4f05-a3aa-8e9c2b3d853a,28 Jul 2026 5:55 PM,28 Jul 2026 5:39 PM,GrabFood,Payment ,,Transferred,35030954896,,,,001575843791-C8CVGXNAWBTCRX,GF-927,A-9LXGQ2LGWWLVAV,GrabFood app & web,Auto-Paid,Cashless,,,,,,,,SIDP0LQEEYWI,29 Jul 2026 3:13 AM,39000,0,0,,0,,0,0,,0,0,39000,,,,0,,,-7800,0,0,0,0,31200,,,,,-772.97,0,,,,,,,,,
Suka Shawarma - ABDUL KADIR,717f3bb7-c5c8-4bdf-8569-efbada64e02d,Suka Shawarma - Kota Wisata Cibubur,8d1ba9d5-c0ef-4f05-a3aa-8e9c2b3d853a,28 Jul 2026 3:46 PM,28 Jul 2026 3:25 PM,GrabFood,Payment ,,Transferred,35028504298,,,,00114416896-C8CVE6K3L4KDNN,GF-112,A-9LX4HDTWWQD8AV,GrabFood app & web,Auto-Paid,Cashless,,,,,,,,SIDP0LQEEYWI,29 Jul 2026 3:13 AM,84000,0,0,,0,,0,0,,0,0,84000,,,,0,,,-16800,0,0,0,0,67200,,,,,-1664.86,0,,,,,,,,,
Suka Shawarma - ABDUL KADIR,717f3bb7-c5c8-4bdf-8569-efbada64e02d,Suka Shawarma - Kota Wisata Cibubur,8d1ba9d5-c0ef-4f05-a3aa-8e9c2b3d853a,28 Jul 2026 1:37 PM,28 Jul 2026 1:35 PM,GrabFood,,,Cancelled,,,,,00128121039-C8CVEBLJME61VE,GF-788,A-9LWQFJGGX2THAV,,Not Paid,Cashless,,,,,,,,,,,,,,,,,,,,,,,,,,,,,,,,,0,,,,,,,Kami tutup sekarang,Merchant,,,,,,,
Suka Shawarma - ABDUL KADIR,717f3bb7-c5c8-4bdf-8569-efbada64e02d,Suka Shawarma - Kota Wisata Cibubur,8d1ba9d5-c0ef-4f05-a3aa-8e9c2b3d853a,27 Jul 2026 7:43 PM,27 Jul 2026 7:24 PM,GrabFood,Payment ,,Transferred,35014924748,,,,00145208204-C8CULXE1V4NTE6,GF-285,A-9KTMJOTGWXB8AV,GrabFood app & web,Auto-Paid,Cashless,,,,,,,,SIDOVHWLVEVU,28 Jul 2026 3:11 AM,62000,0,0,,0,,0,0,,0,0,62000,,,,0,,,-12400,0,0,0,0,49600,,,,,-1228.83,0,,,,,,,,,
Suka Shawarma - ABDUL KADIR,717f3bb7-c5c8-4bdf-8569-efbada64e02d,Suka Shawarma - Kota Wisata Cibubur,8d1ba9d5-c0ef-4f05-a3aa-8e9c2b3d853a,27 Jul 2026 6:37 PM,27 Jul 2026 6:22 PM,GrabFood,Payment ,,Transferred,35013542289,,,,001168078741-C8CULE4VTJWHJX,GF-942,A-9KTGST4GWW78AV,GrabFood app & web,Auto-Paid,Cashless,,,,,,,,SIDOVHWLVEVU,28 Jul 2026 3:11 AM,78000,0,0,,0,,0,0,,0,0,78000,,,,0,,,-15600,0,0,0,0,62400,,,,,-1545.95,0,,,,,,,,,
Suka Shawarma - ABDUL KADIR,717f3bb7-c5c8-4bdf-8569-efbada64e02d,Suka Shawarma - Kota Wisata Cibubur,8d1ba9d5-c0ef-4f05-a3aa-8e9c2b3d853a,27 Jul 2026 6:16 PM,27 Jul 2026 5:55 PM,GrabFood,Payment ,,Transferred,35013091195,,,,001186336459-C8CUKF2YWBK3MA,GF-583,A-9KTEDGSWWVV7AV,GrabFood app & web,Auto-Paid,Cashless,,,,,,,,SIDOVHWLVEVU,28 Jul 2026 3:11 AM,150000,0,0,,0,,0,0,,0,0,150000,,,,0,,,-30000,0,0,0,0,120000,,,,,-990.99,0,,,,,,,,,
Suka Shawarma - ABDUL KADIR,717f3bb7-c5c8-4bdf-8569-efbada64e02d,Suka Shawarma - Kota Wisata Cibubur,8d1ba9d5-c0ef-4f05-a3aa-8e9c2b3d853a,27 Jul 2026 4:56 PM,27 Jul 2026 4:15 PM,GrabFood,Payment ,,Transferred,35011557403,,,,001331444716-C8CUJP3JLTEWRA,GF-214,A-9KT58K6WWJEMAV,GrabFood app & web,Auto-Paid,Cashless,,,,,,,,SIDOVHWLVEVU,28 Jul 2026 3:11 AM,78000,0,0,,0,,0,0,,0,0,78000,,,,0,,,-15600,0,0,0,0,62400,,,,,-1545.95,0,,,,,,,,,
Suka Shawarma - ABDUL KADIR,717f3bb7-c5c8-4bdf-8569-efbada64e02d,Suka Shawarma - Kota Wisata Cibubur,8d1ba9d5-c0ef-4f05-a3aa-8e9c2b3d853a,26 Jul 2026 6:01 PM,26 Jul 2026 5:21 PM,GrabFood,Payment ,,Transferred,34995281375,,,,0018063826-C8CTNE2DVT3WHE,GF-858,A-9KP7FVNGWKL7AV,GrabFood app & web,Auto-Paid,Cashless,,,,,,,,SID1HKZRD6NH,27 Jul 2026 3:09 AM,70000,0,0,,0,,0,0,,0,0,70000,,,,0,,,-14000,0,0,0,0,56000,,,,,-1387.39,0,,,,,,,,,
Suka Shawarma - ABDUL KADIR,717f3bb7-c5c8-4bdf-8569-efbada64e02d,Suka Shawarma - Kota Wisata Cibubur,8d1ba9d5-c0ef-4f05-a3aa-8e9c2b3d853a,26 Jul 2026 4:10 PM,26 Jul 2026 3:50 PM,GrabFood,Payment ,,Transferred,34993476006,,,,001062396774-C8CTLZBEWCMFGA,GF-379,A-9KOV4ESWWW7TAV,GrabFood app & web,Auto-Paid,Cashless,,,,,,,,SID1HKZRD6NH,27 Jul 2026 3:09 AM,86000,0,0,,0,,0,0,,0,0,86000,,,,0,,,-17200,0,0,0,0,68800,,,,,-1704.5,0,,,,,,,,,
Suka Shawarma - ABDUL KADIR,717f3bb7-c5c8-4bdf-8569-efbada64e02d,Suka Shawarma - Kota Wisata Cibubur,8d1ba9d5-c0ef-4f05-a3aa-8e9c2b3d853a,26 Jul 2026 4:06 PM,26 Jul 2026 3:31 PM,GrabFood,Payment ,,Transferred,34993410086,,,,001770104631-C8CTLUX2CKKWL2,GF-722,A-9KOTDE4GWDTNAV,GrabFood app & web,Auto-Paid,Cash,,,,,,,,SID1HKZRD6NH,27 Jul 2026 3:09 AM,72000,0,0,,0,,0,0,,0,0,72000,,,,0,,,-14400,0,0,0,0,57600,,,,,-931.53,0,,,,,,,,,
Suka Shawarma - ABDUL KADIR,717f3bb7-c5c8-4bdf-8569-efbada64e02d,Suka Shawarma - Kota Wisata Cibubur,8d1ba9d5-c0ef-4f05-a3aa-8e9c2b3d853a,26 Jul 2026 3:08 PM,26 Jul 2026 2:37 PM,GrabFood,Payment ,,Transferred,34992536483,,,,0019086688-C8CTLFC1FEWJBE,GF-231,A-9KOOF6CWW2MVAV,GrabFood app & web,Auto-Paid,Cashless,,,,,,,,SID1HKZRD6NH,27 Jul 2026 3:09 AM,29000,0,0,,0,,0,0,,0,0,29000,,,,0,,,-5800,0,0,0,0,23200,,,,,-574.77,0,,,,,,,,,
Suka Shawarma - ABDUL KADIR,717f3bb7-c5c8-4bdf-8569-efbada64e02d,Suka Shawarma - Kota Wisata Cibubur,8d1ba9d5-c0ef-4f05-a3aa-8e9c2b3d853a,25 Jul 2026 9:33 PM,25 Jul 2026 9:20 PM,GrabFood,,,Cancelled,,,,,0019389869-C8CKUEVZEEJ2LE,GF-270,A-9KLPIX5WWH2JAV,,Not Paid,Cashless,,,,,,,,,,,,,,,,,,,,,,,,,,,,,,,,,0,,,,,,,Kami tutup sekarang,Merchant,,,,,,,
Suka Shawarma - ABDUL KADIR,717f3bb7-c5c8-4bdf-8569-efbada64e02d,Suka Shawarma - Kota Wisata Cibubur,8d1ba9d5-c0ef-4f05-a3aa-8e9c2b3d853a,24 Jul 2026 7:36 PM,24 Jul 2026 6:53 PM,GrabFood,Payment ,,Transferred,34961633830,,,,00174315529-C8CJVTBZJZC2NA,GF-573,A-9KH88K9GX9WCAV,GrabFood app & web,Auto-Paid,Cashless,,,,,,,,SID3A9FEJY8T,25 Jul 2026 3:15 AM,71000,0,0,,0,,0,0,,0,0,71000,,,,0,,,-14200,0,0,0,0,56800,,,,,-1407.21,0,,,,,,,,,
Suka Shawarma - ABDUL KADIR,717f3bb7-c5c8-4bdf-8569-efbada64e02d,Suka Shawarma - Kota Wisata Cibubur,8d1ba9d5-c0ef-4f05-a3aa-8e9c2b3d853a,24 Jul 2026 6:48 PM,24 Jul 2026 6:24 PM,GrabFood,Payment ,,Transferred,34960591533,,,,001754829289-C8CJVJWWKB2YJE,GF-919,A-9KH5IHKGW4VMAV,GrabFood app & web,Auto-Paid,Cashless,,,,,,,,SID3A9FEJY8T,25 Jul 2026 3:15 AM,57000,0,0,,0,,0,0,,0,0,57000,,,,0,,,-11400,0,0,0,0,45600,,,,,-1129.73,0,,,,,,,,,
Suka Shawarma - ABDUL KADIR,717f3bb7-c5c8-4bdf-8569-efbada64e02d,Suka Shawarma - Kota Wisata Cibubur,8d1ba9d5-c0ef-4f05-a3aa-8e9c2b3d853a,23 Jul 2026 7:48 PM,23 Jul 2026 7:17 PM,GrabFood,Payment ,,Transferred,34943950331,,,,00147661348-C8CJBEBBRLN1DA,GF-782,A-9KD6HGPGX8SSAV,GrabFood app & web,Auto-Paid,Cashless,,,,,,,,SIDPASH7PMT0,24 Jul 2026 3:12 AM,39000,0,0,,0,,0,0,,0,0,39000,,,,0,,,-7800,0,0,0,0,31200,,,,,-772.97,0,,,,,,,,,
Suka Shawarma - ABDUL KADIR,717f3bb7-c5c8-4bdf-8569-efbada64e02d,Suka Shawarma - Kota Wisata Cibubur,8d1ba9d5-c0ef-4f05-a3aa-8e9c2b3d853a,23 Jul 2026 5:32 PM,23 Jul 2026 4:39 PM,GrabFood,Payment ,,Transferred,34941185268,,,,0013246170-C8CHWFMAALCXAA,GF-967,A-9KCO3GSWXX6IAV,GrabFood app & web,Auto-Paid,Cashless,,,,,,,,SIDPASH7PMT0,24 Jul 2026 3:12 AM,230000,0,0,,0,,0,0,,0,0,230000,,,,0,,,-46000,0,0,0,0,184000,,,,,-4558.56,0,,,,,,,,,
Suka Shawarma - ABDUL KADIR,717f3bb7-c5c8-4bdf-8569-efbada64e02d,Suka Shawarma - Kota Wisata Cibubur,8d1ba9d5-c0ef-4f05-a3aa-8e9c2b3d853a,22 Jul 2026 8:35 PM,22 Jul 2026 8:10 PM,GrabFood,Payment ,,Transferred,34927447534,,,,00166229935-C8CHEZBBLLBTCX,GF-356,A-9K97JWEWWQKKAV,GrabFood app & web,Auto-Paid,Cashless,,,,,,,,SIDZ6WBNIKT8,23 Jul 2026 3:10 AM,72000,0,0,,0,,0,0,,0,0,72000,,,,0,,,-14400,0,0,0,0,57600,,,,,-11,0,,,,,,,,,
Suka Shawarma - ABDUL KADIR,717f3bb7-c5c8-4bdf-8569-efbada64e02d,Suka Shawarma - Kota Wisata Cibubur,8d1ba9d5-c0ef-4f05-a3aa-8e9c2b3d853a,22 Jul 2026 7:22 PM,22 Jul 2026 7:07 PM,GrabFood,Payment ,,Transferred,34926060921,,,,0016167171-C8CHEJBGT2KJNX,GF-834,A-9K9XPNAWXFXBAV,GrabFood app & web,Auto-Paid,Cashless,,,,,,,,SIDZ6WBNIKT8,23 Jul 2026 3:10 AM,41000,0,0,,0,,0,0,,0,0,41000,,,,0,,,-8200,0,0,0,0,32800,,,,,-11,0,,,,,,,,,
Suka Shawarma - ABDUL KADIR,717f3bb7-c5c8-4bdf-8569-efbada64e02d,Suka Shawarma - Kota Wisata Cibubur,8d1ba9d5-c0ef-4f05-a3aa-8e9c2b3d853a,22 Jul 2026 6:31 PM,22 Jul 2026 5:50 PM,GrabFood,Payment ,,Transferred,34925004192,,,,001182276876-C8CHC7B1WFNTUA,GF-747,A-9K8QQ5BWW8GNAV,GrabFood app & web,Auto-Paid,Cashless,,,,,,,,SIDZ6WBNIKT8,23 Jul 2026 3:10 AM,33000,0,0,,0,,0,0,,0,0,33000,,,,0,,,-6600,0,0,0,0,26400,,,,,-11,0,,,,,,,,,
Suka Shawarma - ABDUL KADIR,717f3bb7-c5c8-4bdf-8569-efbada64e02d,Suka Shawarma - Kota Wisata Cibubur,8d1ba9d5-c0ef-4f05-a3aa-8e9c2b3d853a,22 Jul 2026 4:30 PM,22 Jul 2026 3:46 PM,GrabFood,Payment ,,Transferred,34922796202,,,,001769717794-C8CHCAAJFE2CSA,GF-343,A-9K8FES9W3AJBAV,GrabFood app & web,Auto-Paid,Cashless,,,,,,,,SIDZ6WBNIKT8,23 Jul 2026 3:10 AM,36000,0,0,,0,,0,0,,0,0,36000,,,,0,,,-7200,0,0,0,0,28800,,,,,-11,0,,,,,,,,,
Suka Shawarma - ABDUL KADIR,717f3bb7-c5c8-4bdf-8569-efbada64e02d,Suka Shawarma - Kota Wisata Cibubur,8d1ba9d5-c0ef-4f05-a3aa-8e9c2b3d853a,22 Jul 2026 4:12 PM,22 Jul 2026 3:55 PM,GrabFood,Payment ,,Transferred,34922515644,,,,001955782878-C8CHCBJTEA2ZUA,GF-242T,001955782878-C8CHCBJTEA2ZUA,GrabFood app & web,Auto-Paid,Cashless,,,,,,,,SIDZ6WBNIKT8,23 Jul 2026 3:10 AM,29000,0,0,,0,,0,0,,0,0,29000,,,,0,,,-5800,0,0,0,0,23200,,,,,-574.77,0,,,,,,,,,
Suka Shawarma - ABDUL KADIR,717f3bb7-c5c8-4bdf-8569-efbada64e02d,Suka Shawarma - Kota Wisata Cibubur,8d1ba9d5-c0ef-4f05-a3aa-8e9c2b3d853a,21 Jul 2026 7:48 PM,21 Jul 2026 6:51 PM,GrabFood,Payment ,,Transferred,34909433120,,,,001476154243-C8CGGUWUE7BEC6,GF-652,A-9K4SGA6GW99OAV,GrabFood app & web,Auto-Paid,Cashless,,,,,,,,SID6AAOAMMOC,22 Jul 2026 3:10 AM,39000,0,0,,0,,0,0,,0,0,39000,,,,0,,,-7800,0,0,0,0,31200,,,,,-11,0,,,,,,,,,
Suka Shawarma - ABDUL KADIR,717f3bb7-c5c8-4bdf-8569-efbada64e02d,Suka Shawarma - Kota Wisata Cibubur,8d1ba9d5-c0ef-4f05-a3aa-8e9c2b3d853a,21 Jul 2026 3:46 PM,21 Jul 2026 3:32 PM,GrabFood,Payment ,,Transferred,34904990558,,,,00171777623-C8CGEK3UCXD3A2,GF-550,A-9K4A99OWX6A8AV,GrabFood app & web,Auto-Paid,Cashless,,,,,,,,SID6AAOAMMOC,22 Jul 2026 3:10 AM,150000,0,0,,0,,0,0,,0,0,150000,,,,0,,,-30000,0,0,0,0,120000,,,,,-990.99,0,,,,,,,,,
Suka Shawarma - ABDUL KADIR,717f3bb7-c5c8-4bdf-8569-efbada64e02d,Suka Shawarma - Kota Wisata Cibubur,8d1ba9d5-c0ef-4f05-a3aa-8e9c2b3d853a,20 Jul 2026 9:15 PM,20 Jul 2026 9:02 PM,GrabFood,Payment ,,Transferred,34893723477,,,,001495683026-C8CFL2KUC8MUJT,GF-589,A-9KX4LBAGW3CHAV,GrabFood app & web,Auto-Paid,Cashless,,,,,,,,SIDCMRUOBHIC,21 Jul 2026 3:09 AM,29000,0,0,,0,,0,0,,0,0,29000,,,,0,,,-5800,0,0,0,0,23200,,,,,-11,0,,,,,,,,,
Suka Shawarma - ABDUL KADIR,717f3bb7-c5c8-4bdf-8569-efbada64e02d,Suka Shawarma - Kota Wisata Cibubur,8d1ba9d5-c0ef-4f05-a3aa-8e9c2b3d853a,20 Jul 2026 9:13 PM,20 Jul 2026 8:59 PM,GrabFood,Payment ,,Transferred,34893683196,,,,001109114936-C8CFLZNCANVDAT,GF-923,A-9KX4E27GX88MAV,GrabFood app & web,Auto-Paid,Cashless,,,,,,,,SIDCMRUOBHIC,21 Jul 2026 3:09 AM,41000,0,0,,0,,0,0,,0,0,41000,,,,0,,,-8200,0,0,0,0,32800,,,,,-11,0,,,,,,,,,
Suka Shawarma - ABDUL KADIR,717f3bb7-c5c8-4bdf-8569-efbada64e02d,Suka Shawarma - Kota Wisata Cibubur,8d1ba9d5-c0ef-4f05-a3aa-8e9c2b3d853a,20 Jul 2026 7:54 PM,20 Jul 2026 7:35 PM,GrabFood,Payment ,,Transferred,34892361906,,,,00110249252-C8CFLCLGT6TCRT,GF-636,A-9KWSO6RW25DQAV,GrabFood app & web,Auto-Paid,Cashless,,,,,,,,SIDCMRUOBHIC,21 Jul 2026 3:09 AM,51000,0,0,,0,,0,0,,0,0,51000,,,,0,,,-10200,0,0,0,0,40800,,,,,-11,0,,,,,,,,,
Suka Shawarma - ABDUL KADIR,717f3bb7-c5c8-4bdf-8569-efbada64e02d,Suka Shawarma - Kota Wisata Cibubur,8d1ba9d5-c0ef-4f05-a3aa-8e9c2b3d853a,20 Jul 2026 7:11 PM,20 Jul 2026 6:46 PM,GrabFood,Payment ,,Transferred,34891497367,,,,00145483544-C8CFKAAHUBCKR2,GF-336,A-9KWO8MLWWH6FAV,GrabFood app & web,Auto-Paid,Cashless,,,,,,,,SIDCMRUOBHIC,21 Jul 2026 3:09 AM,51000,0,0,,0,,0,0,,0,0,51000,,,,0,,,-10200,0,0,0,0,40800,,,,,-11,0,,,,,,,,,
Suka Shawarma - ABDUL KADIR,717f3bb7-c5c8-4bdf-8569-efbada64e02d,Suka Shawarma - Kota Wisata Cibubur,8d1ba9d5-c0ef-4f05-a3aa-8e9c2b3d853a,20 Jul 2026 4:49 PM,20 Jul 2026 4:33 PM,GrabFood,Payment ,,Transferred,34888702424,,,,001417135109-C8CFJAA2SGEYRJ,GF-712,A-9KWC2JNWWHNCAV,GrabFood app & web,Auto-Paid,Cashless,,,,,,,,SIDCMRUOBHIC,21 Jul 2026 3:09 AM,62000,0,0,,0,,0,0,,0,0,62000,,,,0,,,-12400,0,0,0,0,49600,,,,,-11,0,,,,,,,,,
Suka Shawarma - ABDUL KADIR,717f3bb7-c5c8-4bdf-8569-efbada64e02d,Suka Shawarma - Kota Wisata Cibubur,8d1ba9d5-c0ef-4f05-a3aa-8e9c2b3d853a,19 Jul 2026 9:15 PM,19 Jul 2026 8:54 PM,GrabFood,Payment ,,Transferred,34876096868,,,,001984729333-C8CEPEWXJE5XV6,GF-619,A-9JTW4Q3WWQW8AV,GrabFood app & web,Auto-Paid,Cashless,,,,,,,,SIDZEDNCLJXT,20 Jul 2026 3:12 AM,51000,0,0,,0,,0,0,,0,0,51000,,,,0,,,-10200,0,0,0,0,40800,,,,,-11,0,,,,,,,,,
Suka Shawarma - ABDUL KADIR,717f3bb7-c5c8-4bdf-8569-efbada64e02d,Suka Shawarma - Kota Wisata Cibubur,8d1ba9d5-c0ef-4f05-a3aa-8e9c2b3d853a,19 Jul 2026 9:01 PM,19 Jul 2026 8:57 PM,GrabFood,,,Cancelled,,,,,001730454906-C8CEPFBFAEXBRE,GF-809,A-9JTWBKSGWWKFAV,,Not Paid,Cashless,,,,,,,,,,,,,,,,,,,,,,,,,,,,,,,,,0,,,,,,,Kami sudah mau tutup,Merchant,,,,,,,
Suka Shawarma - ABDUL KADIR,717f3bb7-c5c8-4bdf-8569-efbada64e02d,Suka Shawarma - Kota Wisata Cibubur,8d1ba9d5-c0ef-4f05-a3aa-8e9c2b3d853a,19 Jul 2026 8:49 PM,19 Jul 2026 8:48 PM,GrabFood,,,Cancelled,,,,,001822552101-C8CEPCJVEVM2VN,GF-666,A-9JSVIJNGX99FAV,,Not Paid,Cashless,,,,,,,,,,,,,,,,,,,,,,,,,,,,,,,,,0,,,,,,,Hampir semua hidangan tidak tersedia,Merchant,,,,,,,
Suka Shawarma - ABDUL KADIR,717f3bb7-c5c8-4bdf-8569-efbada64e02d,Suka Shawarma - Kota Wisata Cibubur,8d1ba9d5-c0ef-4f05-a3aa-8e9c2b3d853a,19 Jul 2026 8:07 PM,19 Jul 2026 7:05 PM,GrabFood,Payment ,,Transferred,34874993737,,,,001544311679-C8CENK2BGYK2TA,GF-185,A-9JSM3B7WWH4XAV,GrabFood app & web,Auto-Paid,Cashless,,,,,,,,SIDZEDNCLJXT,20 Jul 2026 3:12 AM,41000,0,0,,0,,0,0,,0,0,41000,,,,0,,,-8200,0,0,0,0,32800,,,,,-11,0,,,,,,,,,
Suka Shawarma - ABDUL KADIR,717f3bb7-c5c8-4bdf-8569-efbada64e02d,Suka Shawarma - Kota Wisata Cibubur,8d1ba9d5-c0ef-4f05-a3aa-8e9c2b3d853a,19 Jul 2026 7:54 PM,19 Jul 2026 7:19 PM,GrabFood,Payment ,,Transferred,34874752974,,,,00127527350-C8CENPNAA2NXSA,GF-917,A-9JSNE86GXWQDAV,GrabFood app & web,Auto-Paid,Cashless,,,,,,,,SIDZEDNCLJXT,20 Jul 2026 3:12 AM,41000,0,0,,0,,0,0,,0,0,41000,,,,0,,,-8200,0,0,0,0,32800,,,,,-11,0,,,,,,,,,
Suka Shawarma - ABDUL KADIR,717f3bb7-c5c8-4bdf-8569-efbada64e02d,Suka Shawarma - Kota Wisata Cibubur,8d1ba9d5-c0ef-4f05-a3aa-8e9c2b3d853a,19 Jul 2026 6:54 PM,19 Jul 2026 6:33 PM,GrabFood,Payment ,,Transferred,34873559203,,,,001016097640-C8CENCBXLX6BV6,GF-169,A-9JSJ86AGXAI5AV,GrabFood app & web,Auto-Paid,Cashless,,,,,,,,SIDZEDNCLJXT,20 Jul 2026 3:12 AM,158000,0,0,,0,,0,0,,0,0,158000,,,,0,,,-31600,0,0,0,0,126400,,,,,-1149.55,0,,,,,,,,,
Suka Shawarma - ABDUL KADIR,717f3bb7-c5c8-4bdf-8569-efbada64e02d,Suka Shawarma - Kota Wisata Cibubur,8d1ba9d5-c0ef-4f05-a3aa-8e9c2b3d853a,19 Jul 2026 6:42 PM,19 Jul 2026 6:11 PM,GrabFood,Payment ,,Transferred,34873314957,,,,00103250587-C8CEMFDFRA4JLE,GF-275,A-9JSH5BIWXAI5AV,GrabFood app & web,Auto-Paid,Cashless,,,,,,,,SIDZEDNCLJXT,20 Jul 2026 3:12 AM,66000,0,0,,0,,0,0,,0,0,66000,,,,0,,,-13200,0,0,0,0,52800,,,,,-1308.11,0,,,,,,,,,
Suka Shawarma - ABDUL KADIR,717f3bb7-c5c8-4bdf-8569-efbada64e02d,Suka Shawarma - Kota Wisata Cibubur,8d1ba9d5-c0ef-4f05-a3aa-8e9c2b3d853a,19 Jul 2026 4:30 PM,19 Jul 2026 3:18 PM,GrabFood,Payment ,,Transferred,34871048214,,,,001723928234-C8CEKEEKV8CVGJ,GF-420,A-9JSXANEWXAI5AV,GrabFood app & web,Auto-Paid,Cash,,,,,,,,SIDZEDNCLJXT,20 Jul 2026 3:12 AM,161000,0,0,,0,,0,0,,0,0,161000,,,,0,,,-32200,0,0,0,0,128800,,,,,-1209.01,0,,,,,,,,,
Suka Shawarma - ABDUL KADIR,717f3bb7-c5c8-4bdf-8569-efbada64e02d,Suka Shawarma - Kota Wisata Cibubur,8d1ba9d5-c0ef-4f05-a3aa-8e9c2b3d853a,18 Jul 2026 9:22 PM,18 Jul 2026 9:21 PM,GrabFood,,,Cancelled,,,,,001529648560-C8CDTUDBGP3VVX,GF-560,A-9JOUNX6W32X9AV,,Not Paid,Cashless,,,,,,,,,,,,,,,,,,,,,,,,,,,,,,,,,0,,,,,,,Kami sangat sibuk sekarang,Merchant,,,,,,,
Suka Shawarma - ABDUL KADIR,717f3bb7-c5c8-4bdf-8569-efbada64e02d,Suka Shawarma - Kota Wisata Cibubur,8d1ba9d5-c0ef-4f05-a3aa-8e9c2b3d853a,18 Jul 2026 8:46 PM,18 Jul 2026 8:36 PM,GrabFood,Payment ,,Transferred,34858289375,,,,00191431075-C8CDTF6DNJAEFE,GF-766,A-9JOQK97GWA4TAV,GrabFood app & web,Auto-Paid,Cashless,,,,,,,,SIDUGJRK71A7,19 Jul 2026 3:29 AM,41000,0,0,,0,,0,0,,0,0,41000,,,,0,,,-8200,0,0,0,0,32800,,,,,-11,0,,,,,,,,,
Suka Shawarma - ABDUL KADIR,717f3bb7-c5c8-4bdf-8569-efbada64e02d,Suka Shawarma - Kota Wisata Cibubur,8d1ba9d5-c0ef-4f05-a3aa-8e9c2b3d853a,18 Jul 2026 8:01 PM,18 Jul 2026 7:18 PM,GrabFood,Payment ,,Transferred,34857491342,,,,0010265337-C8CDR6J3J3U1JJ,GF-420,A-9JOJGHHGX5TGAV,GrabFood app & web,Auto-Paid,Cashless,,,,,,,,SIDUGJRK71A7,19 Jul 2026 3:29 AM,68000,0,0,,0,,0,0,,0,0,68000,,,,0,,,-13600,0,0,0,0,54400,,,,,-11,0,,,,,,,,,
Suka Shawarma - ABDUL KADIR,717f3bb7-c5c8-4bdf-8569-efbada64e02d,Suka Shawarma - Kota Wisata Cibubur,8d1ba9d5-c0ef-4f05-a3aa-8e9c2b3d853a,18 Jul 2026 7:21 PM,18 Jul 2026 6:59 PM,GrabFood,Payment ,,Transferred,34856686996,,,,001744046506-C8CDRZNJHAKFA2,GF-537,A-9JOHPA6W2XIDAV,GrabFood app & web,Auto-Paid,Cash,,,,,,,,SIDUGJRK71A7,19 Jul 2026 3:29 AM,119000,0,0,,0,,0,0,,0,0,119000,,,,0,,,-23800,0,0,0,0,95200,,,,,-376.58,0,,,,,,,,,
Suka Shawarma - ABDUL KADIR,717f3bb7-c5c8-4bdf-8569-efbada64e02d,Suka Shawarma - Kota Wisata Cibubur,8d1ba9d5-c0ef-4f05-a3aa-8e9c2b3d853a,18 Jul 2026 7:06 PM,18 Jul 2026 6:34 PM,GrabFood,Payment ,,Transferred,34856392495,,,,001365806493-C8CDRUC1GK4UAA,GF-254,A-9JOFEHTWWEGPAV,GrabFood app & web,Auto-Paid,Cashless,,,,,,,,SIDUGJRK71A7,19 Jul 2026 3:29 AM,107000,0,0,,0,,0,0,,0,0,107000,,,,0,,,-21400,0,0,0,0,85600,,,,,-138.74,0,,,,,,,,,
Suka Shawarma - ABDUL KADIR,717f3bb7-c5c8-4bdf-8569-efbada64e02d,Suka Shawarma - Kota Wisata Cibubur,8d1ba9d5-c0ef-4f05-a3aa-8e9c2b3d853a,18 Jul 2026 6:48 PM,18 Jul 2026 6:29 PM,GrabFood,Payment ,,Transferred,34856016827,,,,001277619719-C8CDRTNUVCACAA,GF-122,A-9JOF24IWX2XTAV,GrabFood app & web,Auto-Paid,Cashless,,,,,,,,SIDUGJRK71A7,19 Jul 2026 3:29 AM,108000,0,0,,0,,0,0,,0,0,108000,,,,0,,,-21600,0,0,0,0,86400,,,,,-158.56,0,,,,,,,,,
Suka Shawarma - ABDUL KADIR,717f3bb7-c5c8-4bdf-8569-efbada64e02d,Suka Shawarma - Kota Wisata Cibubur,8d1ba9d5-c0ef-4f05-a3aa-8e9c2b3d853a,18 Jul 2026 6:29 PM,18 Jul 2026 6:15 PM,GrabFood,Payment ,,Transferred,34855612539,,,,001046646915-C8CDRN2YV6UHMA,GF-425,A-9JODMQIGW2VRAV,GrabFood app & web,Auto-Paid,Cashless,,,,,,,,SIDUGJRK71A7,19 Jul 2026 3:29 AM,45000,0,0,,0,,0,0,,0,0,45000,,,,0,,,-9000,0,0,0,0,36000,,,,,-11,0,,,,,,,,,
Suka Shawarma - ABDUL KADIR,717f3bb7-c5c8-4bdf-8569-efbada64e02d,Suka Shawarma - Kota Wisata Cibubur,8d1ba9d5-c0ef-4f05-a3aa-8e9c2b3d853a,18 Jul 2026 6:26 PM,18 Jul 2026 6:04 PM,GrabFood,Payment ,,Transferred,34855561437,,,,00133417338-C8CDRKXGHFCAC2,GF-376,A-9JOCO2QGWA9QAV,GrabFood app & web,Auto-Paid,Cashless,,,,,,,,SIDUGJRK71A7,19 Jul 2026 3:29 AM,138000,0,0,,0,,0,0,,0,0,138000,,,,0,,,-27600,0,0,0,0,110400,,,,,-753.15,0,,,,,,,,,
Suka Shawarma - ABDUL KADIR,717f3bb7-c5c8-4bdf-8569-efbada64e02d,Suka Shawarma - Kota Wisata Cibubur,8d1ba9d5-c0ef-4f05-a3aa-8e9c2b3d853a,18 Jul 2026 6:12 PM,18 Jul 2026 5:49 PM,GrabFood,Payment ,,Transferred,34855299062,,,,001426476260-C8CDRF6FR2X3RX,GF-611,A-9JOBC3JWWAVVAV,GrabFood app & web,Auto-Paid,Cashless,,,,,,,,SIDUGJRK71A7,19 Jul 2026 3:29 AM,33000,0,0,,0,,0,0,,0,0,33000,,,,0,,,-6600,0,0,0,0,26400,,,,,-11,0,,,,,,,,,
Suka Shawarma - ABDUL KADIR,717f3bb7-c5c8-4bdf-8569-efbada64e02d,Suka Shawarma - Kota Wisata Cibubur,8d1ba9d5-c0ef-4f05-a3aa-8e9c2b3d853a,18 Jul 2026 6:01 PM,18 Jul 2026 5:47 PM,GrabFood,Payment ,,Transferred,34855089936,,,,001763608695-C8CDRFV3JT3AJ2,GF-003,A-9JOB5U6WWQBTAV,GrabFood app & web,Auto-Paid,Cashless,,,,,,,,SIDUGJRK71A7,19 Jul 2026 3:29 AM,51000,0,0,,0,,0,0,,0,0,51000,,,,0,,,-10200,0,0,0,0,40800,,,,,-1010.81,0,,,,,,,,,
Suka Shawarma - ABDUL KADIR,717f3bb7-c5c8-4bdf-8569-efbada64e02d,Suka Shawarma - Kota Wisata Cibubur,8d1ba9d5-c0ef-4f05-a3aa-8e9c2b3d853a,18 Jul 2026 3:37 PM,18 Jul 2026 3:25 PM,GrabFood,Payment ,,Transferred,34852775931,,,,00139927614-C8CDNNL1SFMWEN,GF-469,A-9JNU6QCGWSBBAV,GrabFood app & web,Auto-Paid,Cashless,,,,,,,,SIDUGJRK71A7,19 Jul 2026 3:29 AM,72000,0,0,,0,,0,0,,0,0,72000,,,,0,,,-14400,0,0,0,0,57600,,,,,-11,0,,,,,,,,,
Suka Shawarma - ABDUL KADIR,717f3bb7-c5c8-4bdf-8569-efbada64e02d,Suka Shawarma - Kota Wisata Cibubur,8d1ba9d5-c0ef-4f05-a3aa-8e9c2b3d853a,18 Jul 2026 2:32 PM,18 Jul 2026 2:13 PM,GrabFood,Payment ,,Transferred,34851707277,,,,001292483236-C8CDMB6FGKBFJA,GF-601,A-9JNNHAEWWAVVAV,GrabFood app & web,Auto-Paid,Cashless,,,,,,,,SIDUGJRK71A7,19 Jul 2026 3:29 AM,45000,0,0,,0,,0,0,,0,0,45000,,,,0,,,-9000,0,0,0,0,36000,,,,,-11,0,,,,,,,,,
Suka Shawarma - ABDUL KADIR,717f3bb7-c5c8-4bdf-8569-efbada64e02d,Suka Shawarma - Kota Wisata Cibubur,8d1ba9d5-c0ef-4f05-a3aa-8e9c2b3d853a,17 Jul 2026 9:33 PM,17 Jul 2026 9:21 PM,GrabFood,Payment ,,Transferred,34841427401,,,,001411266561-C8CCWADAFALTNX,GF-926,A-9JKQS7FGX5WNAV,GrabFood app & web,Auto-Paid,Cashless,,,,,,,,SIDQXODE0YOP,18 Jul 2026 3:10 AM,33000,0,0,,0,,0,0,,0,0,33000,,,,0,,,-6600,0,0,0,0,26400,,,,,-11,0,,,,,,,,,
Suka Shawarma - ABDUL KADIR,717f3bb7-c5c8-4bdf-8569-efbada64e02d,Suka Shawarma - Kota Wisata Cibubur,8d1ba9d5-c0ef-4f05-a3aa-8e9c2b3d853a,17 Jul 2026 9:18 PM,17 Jul 2026 8:54 PM,GrabFood,Payment ,,Transferred,34841196186,,,,001529575786-C8CCV3DWL4MHLE,GF-469,A-9JKOEO9WWB3TAV,GrabFood app & web,Auto-Paid,Cashless,,,,,,,,SIDQXODE0YOP,18 Jul 2026 3:10 AM,72000,0,0,,0,,0,0,,0,0,72000,,,,0,,,-14400,0,0,0,0,57600,,,,,-11,0,,,,,,,,,
Suka Shawarma - ABDUL KADIR,717f3bb7-c5c8-4bdf-8569-efbada64e02d,Suka Shawarma - Kota Wisata Cibubur,8d1ba9d5-c0ef-4f05-a3aa-8e9c2b3d853a,17 Jul 2026 8:44 PM,17 Jul 2026 8:22 PM,GrabFood,Payment ,,Transferred,34840636973,,,,00146232906-C8CCVUL1A6AUV6,GF-859,A-9JKLH5NGW6AUAV,GrabFood app & web,Auto-Paid,Cashless,,,,,,,,SIDQXODE0YOP,18 Jul 2026 3:10 AM,66000,0,0,,0,,0,0,,0,0,66000,,,,0,,,-13200,0,0,0,0,52800,,,,,-11,0,,,,,,,,,
Suka Shawarma - ABDUL KADIR,717f3bb7-c5c8-4bdf-8569-efbada64e02d,Suka Shawarma - Kota Wisata Cibubur,8d1ba9d5-c0ef-4f05-a3aa-8e9c2b3d853a,17 Jul 2026 6:37 PM,17 Jul 2026 6:21 PM,GrabFood,Payment ,,Transferred,34838097963,,,,00198162145-C8CCT6W1NA4AET,GF-734,A-9JKADNJGXBUBAV,GrabFood app & web,Auto-Paid,Cashless,,,,,,,,SIDQXODE0YOP,18 Jul 2026 3:10 AM,51000,0,0,,0,,0,0,,0,0,51000,,,,0,,,-10200,0,0,0,0,40800,,,,,-11,0,,,,,,,,,
Suka Shawarma - ABDUL KADIR,717f3bb7-c5c8-4bdf-8569-efbada64e02d,Suka Shawarma - Kota Wisata Cibubur,8d1ba9d5-c0ef-4f05-a3aa-8e9c2b3d853a,16 Jul 2026 5:10 PM,16 Jul 2026 4:35 PM,GrabFood,Payment ,,Transferred,34818096877,,,,001774814096-C8CBVUL1JXEJA6,GF-605,A-9JFSUCCWWHUBAV,GrabFood app & web,Auto-Paid,Cash,,,,,,,,SIDMXCUQAYN7,17 Jul 2026 11:55 AM,128000,0,0,,0,,0,0,,0,0,128000,,,,0,,,-25600,0,0,0,0,102400,,,,,-554.95,0,,,,,,,,,
Suka Shawarma - ABDUL KADIR,717f3bb7-c5c8-4bdf-8569-efbada64e02d,Suka Shawarma - Kota Wisata Cibubur,8d1ba9d5-c0ef-4f05-a3aa-8e9c2b3d853a,16 Jul 2026 3:54 PM,16 Jul 2026 3:31 PM,GrabFood,Payment ,,Transferred,34816869391,,,,001592806996-C8CBVBXZLNWKLX,GF-457,A-9JFNXRKWX7HCAV,GrabFood app & web,Auto-Paid,Cashless,,,,,,,,SIDMXCUQAYN7,17 Jul 2026 11:55 AM,35000,0,0,,0,,0,0,,0,0,35000,,,,0,,,-7000,0,0,0,0,28000,,,,,-693.69,0,,,,,,,,,
Suka Shawarma - ABDUL KADIR,717f3bb7-c5c8-4bdf-8569-efbada64e02d,Suka Shawarma - Kota Wisata Cibubur,8d1ba9d5-c0ef-4f05-a3aa-8e9c2b3d853a,16 Jul 2026 3:37 PM,16 Jul 2026 2:48 PM,GrabFood,Payment ,,Transferred,34816623511,,,,00153015938-C8CBUAEGAJXYGX,GF-603,A-9JFJ2COGW95PAV,GrabFood app & web,Auto-Paid,Cashless,,,,,,,,SIDMXCUQAYN7,17 Jul 2026 11:55 AM,51000,0,0,,0,,0,0,,0,0,51000,,,,0,,,-10200,0,0,0,0,40800,,,,,-11,0,,,,,,,,,
Suka Shawarma - ABDUL KADIR,717f3bb7-c5c8-4bdf-8569-efbada64e02d,Suka Shawarma - Kota Wisata Cibubur,8d1ba9d5-c0ef-4f05-a3aa-8e9c2b3d853a,15 Jul 2026 2:04 PM,15 Jul 2026 1:34 PM,GrabFood,Payment ,,Transferred,34797562150,,,,00157172694-C8CAV6XEJFVURX,GF-268,A-9JB8GN9WX8TWAV,GrabFood app & web,Auto-Paid,Cashless,,,,,,,,SID5UOEDHABI,16 Jul 2026 3:13 AM,33000,0,0,,0,,0,0,,0,0,33000,,,,0,,,-6600,0,0,0,0,26400,,,,,-11,0,,,,,,,,,
Suka Shawarma - ABDUL KADIR,717f3bb7-c5c8-4bdf-8569-efbada64e02d,Suka Shawarma - Kota Wisata Cibubur,8d1ba9d5-c0ef-4f05-a3aa-8e9c2b3d853a,14 Jul 2026 7:18 PM,14 Jul 2026 6:30 PM,GrabFood,Payment ,,Transferred,34785329439,,,,001540485361-C8CAFBUJVKXXEE,GF-812,A-9J7VOD3W2VSRAV,GrabFood app & web,Auto-Paid,Cashless,,,,,,,,SID9TEHW1WFM,15 Jul 2026 3:12 AM,33000,0,0,,0,,0,0,,0,0,33000,,,,0,,,-6600,0,0,0,0,26400,,,,,-11,0,,,,,,,,,
Suka Shawarma - ABDUL KADIR,717f3bb7-c5c8-4bdf-8569-efbada64e02d,Suka Shawarma - Kota Wisata Cibubur,8d1ba9d5-c0ef-4f05-a3aa-8e9c2b3d853a,14 Jul 2026 5:44 PM,14 Jul 2026 5:23 PM,GrabFood,Payment ,,Transferred,34783408813,,,,0018076306-C8CAEUU2G2J2VJ,GF-346,A-9J7PLHRGXDTHAV,GrabFood app & web,Auto-Paid,Cashless,,,,,,,,SID9TEHW1WFM,15 Jul 2026 3:12 AM,81000,0,0,,0,,0,0,,0,0,81000,,,,0,,,-16200,0,0,0,0,64800,,,,,-1605.41,0,,,,,,,,,
Suka Shawarma - ABDUL KADIR,717f3bb7-c5c8-4bdf-8569-efbada64e02d,Suka Shawarma - Kota Wisata Cibubur,8d1ba9d5-c0ef-4f05-a3aa-8e9c2b3d853a,14 Jul 2026 4:39 PM,14 Jul 2026 3:40 PM,GrabFood,Payment ,,Transferred,34782283041,,,,00188684778-C8CADBCTLPVYLN,GF-463,A-9J7G7DCWW8UCAV,GrabFood app & web,Auto-Paid,Cashless,,,,,,,,SID9TEHW1WFM,15 Jul 2026 3:12 AM,92000,0,0,,0,,0,0,,0,0,92000,,,,0,,,-18400,0,0,0,0,73600,,,,,-11,0,,,,,,,,,
Suka Shawarma - ABDUL KADIR,717f3bb7-c5c8-4bdf-8569-efbada64e02d,Suka Shawarma - Kota Wisata Cibubur,8d1ba9d5-c0ef-4f05-a3aa-8e9c2b3d853a,14 Jul 2026 2:16 PM,14 Jul 2026 1:45 PM,GrabFood,Payment ,,Transferred,34780051563,,,,001759283555-C8CACFKXVUJTKE,GF-807,A-9J75LNIGW6V8AV,GrabFood app & web,Auto-Paid,Cashless,,,,,,,,SID9TEHW1WFM,15 Jul 2026 3:12 AM,45000,0,0,,0,,0,0,,0,0,45000,,,,0,,,-9000,0,0,0,0,36000,,,,,-11,0,,,,,,,,,
Suka Shawarma - ABDUL KADIR,717f3bb7-c5c8-4bdf-8569-efbada64e02d,Suka Shawarma - Kota Wisata Cibubur,8d1ba9d5-c0ef-4f05-a3aa-8e9c2b3d853a,13 Jul 2026 8:43 PM,13 Jul 2026 8:14 PM,GrabFood,Payment ,,Transferred,34769576918,,,,00190662022-C8B3KBDGDAV1LJ,GF-480,A-9J45E6OWWIKDAV,GrabFood app & web,Auto-Paid,Cashless,,,,,,,,SIDNBDKX4FJ4,14 Jul 2026 3:11 AM,99000,0,0,,0,,0,0,,0,0,99000,,,,0,,,-19800,0,0,0,0,79200,,,,,-11,0,,,,,,,,,
Suka Shawarma - ABDUL KADIR,717f3bb7-c5c8-4bdf-8569-efbada64e02d,Suka Shawarma - Kota Wisata Cibubur,8d1ba9d5-c0ef-4f05-a3aa-8e9c2b3d853a,13 Jul 2026 7:36 PM,13 Jul 2026 7:02 PM,GrabFood,Payment ,,Transferred,34768358390,,,,00125272980-C8B3JTMHPGETEX,GF-491,A-9J3USACGXBT6AV,GrabFood app & web,Auto-Paid,Cashless,,,,,,,,SIDNBDKX4FJ4,14 Jul 2026 3:11 AM,72000,0,0,,0,,0,0,,0,0,72000,,,,0,,,-14400,0,0,0,0,57600,,,,,-11,0,,,,,,,,,
Suka Shawarma - ABDUL KADIR,717f3bb7-c5c8-4bdf-8569-efbada64e02d,Suka Shawarma - Kota Wisata Cibubur,8d1ba9d5-c0ef-4f05-a3aa-8e9c2b3d853a,13 Jul 2026 7:04 PM,13 Jul 2026 6:26 PM,GrabFood,Payment ,,Transferred,34767710575,,,,00121225690-C8B3JGNESGMUVE,GF-014,A-9J3RHNKWW3ORAV,GrabFood app & web,Auto-Paid,Cashless,,,,,,,,SIDNBDKX4FJ4,14 Jul 2026 3:11 AM,33000,0,0,,0,,0,0,,0,0,33000,,,,0,,,-6600,0,0,0,0,26400,,,,,-11,0,,,,,,,,,
Suka Shawarma - ABDUL KADIR,717f3bb7-c5c8-4bdf-8569-efbada64e02d,Suka Shawarma - Kota Wisata Cibubur,8d1ba9d5-c0ef-4f05-a3aa-8e9c2b3d853a,13 Jul 2026 3:58 PM,13 Jul 2026 3:43 PM,GrabFood,Payment ,,Transferred,34764325254,,,,001475591817-C8B3GJTELE6FAA,GF-767,A-9J3CK5TWWH3OAV,GrabFood app & web,Auto-Paid,Cashless,,,,,,,,SIDNBDKX4FJ4,14 Jul 2026 3:11 AM,78000,0,0,,0,,0,0,,0,0,78000,,,,0,,,-15600,0,0,0,0,62400,,,,,-11,0,,,,,,,,,
Suka Shawarma - ABDUL KADIR,717f3bb7-c5c8-4bdf-8569-efbada64e02d,Suka Shawarma - Kota Wisata Cibubur,8d1ba9d5-c0ef-4f05-a3aa-8e9c2b3d853a,13 Jul 2026 2:16 PM,13 Jul 2026 1:33 PM,GrabFood,Payment ,,Transferred,34762831511,,,,001409004928-C8B3ET6ZG7EDTE,GF-519,A-9J3WMTMGWIKDAV,GrabFood app & web,Auto-Paid,Cashless,,,,,,,,SIDNBDKX4FJ4,14 Jul 2026 3:11 AM,33000,0,0,,0,,0,0,,0,0,33000,,,,0,,,-6600,0,0,0,0,26400,,,,,-11,0,,,,,,,,,
Suka Shawarma - ABDUL KADIR,717f3bb7-c5c8-4bdf-8569-efbada64e02d,Suka Shawarma - Kota Wisata Cibubur,8d1ba9d5-c0ef-4f05-a3aa-8e9c2b3d853a,11 Jul 2026 7:49 PM,11 Jul 2026 7:00 PM,GrabFood,Payment ,,Transferred,34733616029,,,,0012364383-C8B1RETATE5FGN,GF-880,A-9IRMULKGXBPSAV,GrabFood app & web,Auto-Paid,Cashless,,,,,,,,SIDR9VSONOPH,13 Jul 2026 6:17 AM,66000,0,0,,0,,0,0,,0,0,66000,,,,0,,,-13200,0,0,0,0,52800,,,,,-11,0,,,,,,,,,
Suka Shawarma - ABDUL KADIR,717f3bb7-c5c8-4bdf-8569-efbada64e02d,Suka Shawarma - Kota Wisata Cibubur,8d1ba9d5-c0ef-4f05-a3aa-8e9c2b3d853a,11 Jul 2026 5:16 PM,11 Jul 2026 4:36 PM,GrabFood,Payment ,,Transferred,34730707611,,,,001526365243-C8B1NKMGAZAXAT,GF-227,A-9IR9PHRWX59DAV,GrabFood app & web,Auto-Paid,Cash,,,,,,,,SIDR9VSONOPH,13 Jul 2026 6:17 AM,58000,0,0,,0,,0,0,,0,0,58000,,,,0,,,-11600,0,0,0,0,46400,,,,,-11,0,,,,,,,,,
Suka Shawarma - ABDUL KADIR,717f3bb7-c5c8-4bdf-8569-efbada64e02d,Suka Shawarma - Kota Wisata Cibubur,8d1ba9d5-c0ef-4f05-a3aa-8e9c2b3d853a,11 Jul 2026 2:35 PM,11 Jul 2026 2:24 PM,GrabFood,Payment ,,Transferred,34728181849,,,,001307507578-C8B1LUVWUF6VJE,GF-462,A-9IQTMN3WWTNOAV,GrabFood app & web,Auto-Paid,Cashless,,,,,,,,SIDR9VSONOPH,13 Jul 2026 6:17 AM,51000,0,0,,0,,0,0,,0,0,51000,,,,0,,,-10200,0,0,0,0,40800,,,,,-11,0,,,,,,,,,
Suka Shawarma - ABDUL KADIR,717f3bb7-c5c8-4bdf-8569-efbada64e02d,Suka Shawarma - Kota Wisata Cibubur,8d1ba9d5-c0ef-4f05-a3aa-8e9c2b3d853a,10 Jul 2026 8:59 PM,10 Jul 2026 8:31 PM,GrabFood,Payment ,,Transferred,34717108868,,,,00111683834-C8BZVA2EFFKBN6,GF-347,A-9INRGKRW2BMIAV,GrabFood app & web,Auto-Paid,Cashless,,,,,,,,SIDGWHEMR08Q,11 Jul 2026 3:18 AM,86000,0,0,,0,,0,0,,0,0,86000,,,,0,,,-17200,0,0,0,0,68800,,,,,-11,0,,,,,,,,,
Suka Shawarma - ABDUL KADIR,717f3bb7-c5c8-4bdf-8569-efbada64e02d,Suka Shawarma - Kota Wisata Cibubur,8d1ba9d5-c0ef-4f05-a3aa-8e9c2b3d853a,10 Jul 2026 5:38 PM,10 Jul 2026 5:15 PM,GrabFood,Payment ,,Transferred,34713082240,,,,00175190655-C8BZSBKXFGDEN2,GF-344,A-9IN9HU7GXWSUAV,GrabFood app & web,Auto-Paid,Cashless,,,,,,,,SIDGWHEMR08Q,11 Jul 2026 3:18 AM,41000,0,0,,0,,0,0,,0,0,41000,,,,0,,,-8200,0,0,0,0,32800,,,,,-11,0,,,,,,,,,
Suka Shawarma - ABDUL KADIR,717f3bb7-c5c8-4bdf-8569-efbada64e02d,Suka Shawarma - Kota Wisata Cibubur,8d1ba9d5-c0ef-4f05-a3aa-8e9c2b3d853a,10 Jul 2026 2:53 PM,10 Jul 2026 2:05 PM,GrabFood,Payment ,,Transferred,34710440240,,,,001628897372-C8BZN6LXN32XNN,GF-081,A-9IMO69GGX4WQAV,GrabFood app & web,Auto-Paid,Cashless,,,,,,,,SIDGWHEMR08Q,11 Jul 2026 3:18 AM,51000,0,0,,0,,0,0,,0,0,51000,,,,0,,,-10200,0,0,0,0,40800,,,,,-11,0,,,,,,,,,
Suka Shawarma - ABDUL KADIR,717f3bb7-c5c8-4bdf-8569-efbada64e02d,Suka Shawarma - Kota Wisata Cibubur,8d1ba9d5-c0ef-4f05-a3aa-8e9c2b3d853a,9 Jul 2026 8:23 PM,9 Jul 2026 7:55 PM,GrabFood,Payment ,,Transferred,34698341274,,,,001017226461-C8BZAF4DE2V1N2,GF-178,A-9IJKCC6GXAFIAV,GrabFood app & web,Auto-Paid,Cashless,,,,,,,,SIDWAXCJDLQH,10 Jul 2026 3:16 AM,75000,0,0,,0,,0,0,,0,0,75000,,,,0,,,-15000,0,0,0,0,60000,,,,,-1486.49,0,,,,,,,,,
Suka Shawarma - ABDUL KADIR,717f3bb7-c5c8-4bdf-8569-efbada64e02d,Suka Shawarma - Kota Wisata Cibubur,8d1ba9d5-c0ef-4f05-a3aa-8e9c2b3d853a,9 Jul 2026 5:01 PM,9 Jul 2026 4:39 PM,GrabFood,Payment ,,Transferred,34694301956,,,,001835188016-C8BYUGNYKETAGN,GF-098,A-9IJ2EOBWW4EHAV,GrabFood app & web,Auto-Paid,Cashless,,,,,,,,SIDWAXCJDLQH,10 Jul 2026 3:16 AM,51000,0,0,,0,,0,0,,0,0,51000,,,,0,,,-10200,0,0,0,0,40800,,,,,-11,0,,,,,,,,,
Suka Shawarma - ABDUL KADIR,717f3bb7-c5c8-4bdf-8569-efbada64e02d,Suka Shawarma - Kota Wisata Cibubur,8d1ba9d5-c0ef-4f05-a3aa-8e9c2b3d853a,9 Jul 2026 3:49 PM,9 Jul 2026 3:15 PM,GrabFood,Payment ,,Transferred,34693181961,,,,0016053057-C8BYTVKJAA53EN,GF-482,A-9IIQNACGWJ89AV,GrabFood app & web,Auto-Paid,Cashless,,,,,,,,SIDWAXCJDLQH,10 Jul 2026 3:16 AM,69000,0,0,,0,,0,0,,0,0,69000,,,,0,,,-13800,0,0,0,0,55200,,,,,-11,0,,,,,,,,,
Suka Shawarma - ABDUL KADIR,717f3bb7-c5c8-4bdf-8569-efbada64e02d,Suka Shawarma - Kota Wisata Cibubur,8d1ba9d5-c0ef-4f05-a3aa-8e9c2b3d853a,8 Jul 2026 7:08 PM,8 Jul 2026 6:26 PM,GrabFood,Payment ,,Transferred,34678984262,,,,00132166412-C8BYBGMWG7WTJT,GF-442,A-9IF8BDOWWSI8AV,GrabFood app & web,Auto-Paid,Cashless,,,,,,,,SIDAMFQYZZPQ,9 Jul 2026 3:16 AM,51000,0,0,,0,,0,0,,0,0,51000,,,,0,,,-10200,0,0,0,0,40800,,,,,-11,0,,,,,,,,,
Suka Shawarma - ABDUL KADIR,717f3bb7-c5c8-4bdf-8569-efbada64e02d,Suka Shawarma - Kota Wisata Cibubur,8d1ba9d5-c0ef-4f05-a3aa-8e9c2b3d853a,7 Jul 2026 7:22 PM,7 Jul 2026 6:36 PM,GrabFood,Payment ,,Transferred,34661419894,,,,001813716926-C8BXETNWA7B2NJ,GF-115,A-9IB5EUXWWIUOAV,GrabFood app & web,Auto-Paid,Cashless,,,,,,,,SIDQSQXFREQH,8 Jul 2026 3:15 AM,152000,0,0,,0,,0,0,,0,0,152000,,,,0,,,-30400,0,0,0,0,121600,,,,,-3012.61,0,,,,,,,,,
Suka Shawarma - ABDUL KADIR,717f3bb7-c5c8-4bdf-8569-efbada64e02d,Suka Shawarma - Kota Wisata Cibubur,8d1ba9d5-c0ef-4f05-a3aa-8e9c2b3d853a,7 Jul 2026 7:08 PM,7 Jul 2026 6:46 PM,GrabFood,Payment ,,Transferred,34661119163,,,,0017178920-C8BXEU5UTE6EMA,GF-484,A-9IB6B6AWW3JSAV,GrabFood app & web,Auto-Paid,Cashless,,,,,,,,SIDQSQXFREQH,8 Jul 2026 3:15 AM,51000,0,0,,0,,0,0,,0,0,51000,,,,0,,,-10200,0,0,0,0,40800,,,,,-1010.81,0,,,,,,,,,
Suka Shawarma - ABDUL KADIR,717f3bb7-c5c8-4bdf-8569-efbada64e02d,Suka Shawarma - Kota Wisata Cibubur,8d1ba9d5-c0ef-4f05-a3aa-8e9c2b3d853a,7 Jul 2026 5:51 PM,7 Jul 2026 5:33 PM,GrabFood,Payment ,,Transferred,34659527104,,,,001167060505-C8BXEBBDEBNTLN,GF-989,A-9IAVMRLWX89SAV,GrabFood app & web,Auto-Paid,Cash,,,,,,,,SIDQSQXFREQH,8 Jul 2026 3:15 AM,58000,0,0,,0,,0,0,,0,0,58000,,,,0,,,-11600,0,0,0,0,46400,,,,,-1149.55,0,,,,,,,,,
Suka Shawarma - ABDUL KADIR,717f3bb7-c5c8-4bdf-8569-efbada64e02d,Suka Shawarma - Kota Wisata Cibubur,8d1ba9d5-c0ef-4f05-a3aa-8e9c2b3d853a,7 Jul 2026 2:57 PM,7 Jul 2026 2:39 PM,GrabFood,Payment ,,Transferred,34656741763,,,,00104971738-C8BXBGMEGP4YRA,GF-212,A-9IAFO5LGWXQGAV,GrabFood app & web,Auto-Paid,Cashless,,,,,,,,SIDQSQXFREQH,8 Jul 2026 3:15 AM,119000,0,0,,0,,0,0,,0,0,119000,,,,0,,,-23800,0,0,0,0,95200,,,,,-2358.56,0,,,,,,,,,
Suka Shawarma - ABDUL KADIR,717f3bb7-c5c8-4bdf-8569-efbada64e02d,Suka Shawarma - Kota Wisata Cibubur,8d1ba9d5-c0ef-4f05-a3aa-8e9c2b3d853a,7 Jul 2026 2:05 PM,7 Jul 2026 1:51 PM,GrabFood,Payment ,,Transferred,34655923164,,,,001522121675-C8BXA6DEKFJZVE,GF-749,A-9IABAIJWXAFPAV,GrabFood app & web,Auto-Paid,Cash,,,,,,,,SIDQSQXFREQH,8 Jul 2026 3:15 AM,33000,0,0,,0,,0,0,,0,0,33000,,,,0,,,-6600,0,0,0,0,26400,,,,,-654.05,0,,,,,,,,,
Suka Shawarma - ABDUL KADIR,717f3bb7-c5c8-4bdf-8569-efbada64e02d,Suka Shawarma - Kota Wisata Cibubur,8d1ba9d5-c0ef-4f05-a3aa-8e9c2b3d853a,6 Jul 2026 7:21 PM,6 Jul 2026 6:43 PM,GrabFood,Payment ,,Transferred,34643157744,,,,00150072197-C8BWHAUJTUBZA2,GF-546,A-9I729ETG2N4PAV,GrabFood app & web,Auto-Paid,Cashless,,,,,,,,SIDWZIT77QK1,7 Jul 2026 3:21 AM,66000,0,0,,0,,0,0,,0,0,66000,,,,0,,,-13200,0,0,0,0,52800,,,,,-1308.11,0,,,,,,,,,
Suka Shawarma - ABDUL KADIR,717f3bb7-c5c8-4bdf-8569-efbada64e02d,Suka Shawarma - Kota Wisata Cibubur,8d1ba9d5-c0ef-4f05-a3aa-8e9c2b3d853a,6 Jul 2026 6:25 PM,6 Jul 2026 5:55 PM,GrabFood,Payment ,,Transferred,34641952414,,,,00124548824-C8BWGX3VAUM3AE,GF-322,A-9I6TSWLGXAL5AV,GrabFood app & web,Auto-Paid,Cashless,,,,,,,,SIDWZIT77QK1,7 Jul 2026 3:21 AM,51000,0,0,,0,,0,0,,0,0,51000,,,,0,,,-10200,0,0,0,0,40800,,,,,-1010.81,0,,,,,,,,,
Suka Shawarma - ABDUL KADIR,717f3bb7-c5c8-4bdf-8569-efbada64e02d,Suka Shawarma - Kota Wisata Cibubur,8d1ba9d5-c0ef-4f05-a3aa-8e9c2b3d853a,5 Jul 2026 8:18 PM,5 Jul 2026 7:54 PM,GrabFood,Payment ,,Transferred,34626180634,,,,001264868477-C8BVL2CYRFEVLT,GF-217,A-9I34TJNGWP8QAV,GrabFood app & web,Auto-Paid,Cashless,,,,,,,,SID67HI1FFPL,6 Jul 2026 3:10 AM,51000,0,0,,0,,0,0,,0,0,51000,,,,0,,,-10200,0,0,0,0,40800,,,,,-1010.81,0,,,,,,,,,
Suka Shawarma - ABDUL KADIR,717f3bb7-c5c8-4bdf-8569-efbada64e02d,Suka Shawarma - Kota Wisata Cibubur,8d1ba9d5-c0ef-4f05-a3aa-8e9c2b3d853a,5 Jul 2026 7:19 PM,5 Jul 2026 6:52 PM,GrabFood,Payment ,,Transferred,34625038985,,,,001381448998-C8BVLJ5CRYDHJ2,GF-285,A-9I2V8PCGW7CDAV,GrabFood app & web,Auto-Paid,Cashless,,,,,,,,SID67HI1FFPL,6 Jul 2026 3:10 AM,51000,0,0,,0,,0,0,,0,0,51000,,,,0,,,-10200,0,0,0,0,40800,,,,,-1010.81,0,,,,,,,,,
Suka Shawarma - ABDUL KADIR,717f3bb7-c5c8-4bdf-8569-efbada64e02d,Suka Shawarma - Kota Wisata Cibubur,8d1ba9d5-c0ef-4f05-a3aa-8e9c2b3d853a,5 Jul 2026 7:17 PM,5 Jul 2026 6:23 PM,GrabFood,Payment ,,Transferred,34624991956,,,,0010855509-C8BVLBNBNYAKCE,GF-320,A-9I2SHQ7WWP8QAV,GrabFood app & web,Auto-Paid,Cashless,,,,,,,,SID67HI1FFPL,6 Jul 2026 3:10 AM,156000,0,0,,0,,0,0,,0,0,156000,,,,0,,,-31200,0,0,0,0,124800,,,,,-3091.89,0,,,,,,,,,
Suka Shawarma - ABDUL KADIR,717f3bb7-c5c8-4bdf-8569-efbada64e02d,Suka Shawarma - Kota Wisata Cibubur,8d1ba9d5-c0ef-4f05-a3aa-8e9c2b3d853a,5 Jul 2026 2:56 PM,5 Jul 2026 2:30 PM,GrabFood,Payment ,,Transferred,34620512361,,,,001184806812-C8BVG3UTT6EBVA,GF-746,A-9I278K3WX27VAV,GrabFood app & web,Auto-Paid,Cash,,,,,,,,SID67HI1FFPL,6 Jul 2026 3:10 AM,116000,0,0,,0,,0,0,,0,0,116000,,,,0,,,-23200,0,0,0,0,92800,,,,,-2299.1,0,,,,,,,,,
Suka Shawarma - ABDUL KADIR,717f3bb7-c5c8-4bdf-8569-efbada64e02d,Suka Shawarma - Kota Wisata Cibubur,8d1ba9d5-c0ef-4f05-a3aa-8e9c2b3d853a,4 Jul 2026 6:32 PM,4 Jul 2026 6:17 PM,GrabFood,Payment ,,Transferred,34605859330,,,,0014450871-C8BUNRCYNBEWAT,GF-626,A-9HUO74PGW878AV,GrabFood app & web,Auto-Paid,Cashless,,,,,,,,SIDXLLROSMSS,5 Jul 2026 3:20 AM,45000,0,0,,0,,0,0,,0,0,45000,,,,0,,,-9000,0,0,0,0,36000,,,,,-891.89,0,,,,,,,,,
Suka Shawarma - ABDUL KADIR,717f3bb7-c5c8-4bdf-8569-efbada64e02d,Suka Shawarma - Kota Wisata Cibubur,8d1ba9d5-c0ef-4f05-a3aa-8e9c2b3d853a,4 Jul 2026 4:03 PM,4 Jul 2026 3:43 PM,GrabFood,Payment ,,Transferred,34603292803,,,,001065764466-C8BULUUYMGLYA6,GF-977,A-9HUA4UIWX5MVAV,GrabFood app & web,Auto-Paid,Cashless,,,,,,,,SIDXLLROSMSS,5 Jul 2026 3:20 AM,45000,0,0,,0,,0,0,,0,0,45000,,,,0,,,-9000,0,0,0,0,36000,,,,,-891.89,0,,,,,,,,,
Suka Shawarma - ABDUL KADIR,717f3bb7-c5c8-4bdf-8569-efbada64e02d,Suka Shawarma - Kota Wisata Cibubur,8d1ba9d5-c0ef-4f05-a3aa-8e9c2b3d853a,4 Jul 2026 4:01 PM,4 Jul 2026 3:33 PM,GrabFood,Payment ,,Transferred,34603259383,,,,001797091071-C8BULTA3V8ADBA,GF-886,A-9HU96SKWXAMNAV,GrabFood app & web,Auto-Paid,Cashless,,,,,,,,SIDXLLROSMSS,5 Jul 2026 3:20 AM,62000,0,0,,0,,0,0,,0,0,62000,,,,0,,,-12400,0,0,0,0,49600,,,,,-1228.83,0,,,,,,,,,
Suka Shawarma - ABDUL KADIR,717f3bb7-c5c8-4bdf-8569-efbada64e02d,Suka Shawarma - Kota Wisata Cibubur,8d1ba9d5-c0ef-4f05-a3aa-8e9c2b3d853a,3 Jul 2026 7:46 PM,3 Jul 2026 7:18 PM,GrabFood,,,Cancelled,,,,,00131799262-C8BTTEE3CRMGFA,GF-362,A-9HQPU9OGXC57AV,,Not Paid,Cashless,,,,,,,,,,,,,,,,,,,,,,,,,,,,,,,,,0,,,,,,,Kami sangat sibuk sekarang,Merchant,,,,,,,
Suka Shawarma - ABDUL KADIR,717f3bb7-c5c8-4bdf-8569-efbada64e02d,Suka Shawarma - Kota Wisata Cibubur,8d1ba9d5-c0ef-4f05-a3aa-8e9c2b3d853a,3 Jul 2026 4:57 PM,3 Jul 2026 4:40 PM,GrabFood,Payment ,,Transferred,34585641343,,,,00149131992-C8BTRFTVTAMGNN,GF-720,A-9HQBF3BGXC57AV,GrabFood app & web,Auto-Paid,Cashless,,,,,,,,SIDF0EBCDGYI,4 Jul 2026 3:21 AM,51000,0,0,,0,,0,0,,0,0,51000,,,,0,,,-10200,0,0,0,0,40800,,,,,-11,0,,,,,,,,,
Suka Shawarma - ABDUL KADIR,717f3bb7-c5c8-4bdf-8569-efbada64e02d,Suka Shawarma - Kota Wisata Cibubur,8d1ba9d5-c0ef-4f05-a3aa-8e9c2b3d853a,3 Jul 2026 4:32 PM,3 Jul 2026 4:09 PM,GrabFood,Payment ,,Transferred,34585237041,,,,00135126705-C8BTPF5VAFJTME,GF-880,A-9HQ8L74GX3LSAV,GrabFood app & web,Auto-Paid,Cashless,,,,,,,,SIDF0EBCDGYI,4 Jul 2026 3:21 AM,102000,0,0,,0,,0,0,,0,0,102000,,,,0,,,-20400,0,0,0,0,81600,,,,,-2021.62,0,,,,,,,,,
Suka Shawarma - ABDUL KADIR,717f3bb7-c5c8-4bdf-8569-efbada64e02d,Suka Shawarma - Kota Wisata Cibubur,8d1ba9d5-c0ef-4f05-a3aa-8e9c2b3d853a,2 Jul 2026 8:14 PM,2 Jul 2026 7:42 PM,GrabFood,Payment ,,Transferred,34570890943,,,,00104577193-C8BKV2KWT2XZCJ,GF-072,A-9HMO9JGWWRGVAV,GrabFood app & web,Auto-Paid,Cashless,,,,,,,,SIDBDKNIVSE4,3 Jul 2026 3:19 AM,95000,0,0,,0,,0,0,,0,0,95000,,,,0,,,-19000,0,0,0,0,76000,,,,,-11,0,,,,,,,,,
Suka Shawarma - ABDUL KADIR,717f3bb7-c5c8-4bdf-8569-efbada64e02d,Suka Shawarma - Kota Wisata Cibubur,8d1ba9d5-c0ef-4f05-a3aa-8e9c2b3d853a,2 Jul 2026 3:05 PM,2 Jul 2026 2:27 PM,GrabFood,Payment ,,Transferred,34565023481,,,,001512045140-C8BKR6UDN3L2J6,GF-712,A-9HLRE8AGX63BAV,GrabFood app & web,Auto-Paid,Cashless,,,,,,,,SIDBDKNIVSE4,3 Jul 2026 3:19 AM,33000,0,0,,0,,0,0,,0,0,33000,,,,0,,,-6600,0,0,0,0,26400,,,,,-11,0,,,,,,,,,
Suka Shawarma - ABDUL KADIR,717f3bb7-c5c8-4bdf-8569-efbada64e02d,Suka Shawarma - Kota Wisata Cibubur,8d1ba9d5-c0ef-4f05-a3aa-8e9c2b3d853a,2 Jul 2026 2:40 PM,2 Jul 2026 2:14 PM,GrabFood,Payment ,,Transferred,34564631688,,,,001771075970-C8BKR3DAFB4GKA,GF-582,A-9HLQ8VJWW8JUAV,GrabFood app & web,Auto-Paid,Cashless,,,,,,,,SIDBDKNIVSE4,3 Jul 2026 3:19 AM,110000,0,0,,0,,0,0,,0,0,110000,,,,0,,,-22000,0,0,0,0,88000,,,,,-2180.18,0,,,,,,,,,
Suka Shawarma - ABDUL KADIR,717f3bb7-c5c8-4bdf-8569-efbada64e02d,Suka Shawarma - Kota Wisata Cibubur,8d1ba9d5-c0ef-4f05-a3aa-8e9c2b3d853a,1 Jul 2026 9:42 PM,1 Jul 2026 9:26 PM,GrabFood,Payment ,,Transferred,34553417484,,,,00192188277-C8BKCZM3APAWVA,GF-457,A-9HITVPIW28CTAV,GrabFood app & web,Auto-Paid,Cashless,,,,,,,,SIDIOHFFDVAB,2 Jul 2026 3:17 AM,62000,0,0,,0,,0,0,,0,0,62000,,,,0,,,-12400,0,0,0,0,49600,,,,,-11,0,,,,,,,,,
Suka Shawarma - ABDUL KADIR,717f3bb7-c5c8-4bdf-8569-efbada64e02d,Suka Shawarma - Kota Wisata Cibubur,8d1ba9d5-c0ef-4f05-a3aa-8e9c2b3d853a,1 Jul 2026 9:17 PM,1 Jul 2026 8:57 PM,GrabFood,Payment ,,Transferred,34553010819,,,,001571765351-C8BKCTVCCAKAGN,GF-305,A-9HIRAVKGW6W5AV,GrabFood app & web,Auto-Paid,Cashless,,,,,,,,SIDIOHFFDVAB,2 Jul 2026 3:17 AM,62000,0,0,,0,,0,0,,0,0,62000,,,,0,,,-12400,0,0,0,0,49600,,,,,-11,0,,,,,,,,,
Suka Shawarma - ABDUL KADIR,717f3bb7-c5c8-4bdf-8569-efbada64e02d,Suka Shawarma - Kota Wisata Cibubur,8d1ba9d5-c0ef-4f05-a3aa-8e9c2b3d853a,1 Jul 2026 5:08 PM,1 Jul 2026 4:27 PM,GrabFood,Payment ,,Transferred,34547827469,,,,001320794620-C8BJWABGN7D1NN,GF-012,A-9HI2J72GWOPQAV,GrabFood app & web,Auto-Paid,Cashless,,,,,,,,SIDIOHFFDVAB,2 Jul 2026 3:17 AM,71000,0,0,,0,,0,0,,0,0,71000,,,,0,,,-14200,0,0,0,0,56800,,,,,-11,0,,,,,,,,,
Suka Shawarma - ABDUL KADIR,717f3bb7-c5c8-4bdf-8569-efbada64e02d,Suka Shawarma - Kota Wisata Cibubur,8d1ba9d5-c0ef-4f05-a3aa-8e9c2b3d853a,1 Jul 2026 4:51 PM,1 Jul 2026 4:12 PM,GrabFood,Payment ,,Transferred,34547509849,,,,00164400433-C8BJV6L3CUXGE2,GF-624,A-9HIX8RGGXAFFAV,GrabFood app & web,Auto-Paid,Cashless,,,,,,,,SIDIOHFFDVAB,2 Jul 2026 3:17 AM,71000,0,0,,0,,0,0,,0,0,71000,,,,0,,,-14200,0,0,0,0,56800,,,,,-11,0,,,,,,,,,
